<?xml version="1.0" encoding="UTF-8"?>
<project-private xmlns="http://www.netbeans.org/ns/project-private/1">
    <editor-bookmarks xmlns="http://www.netbeans.org/ns/editor-bookmarks/2" lastBookmarkId="0"/>
    <open-files xmlns="http://www.netbeans.org/ns/projectui-open-files/2">
        <group>
            <file>file:/C:/Users/peric/Documents/NetBeansProjects/TrabalhoLanchoneteJavaOO/TrabalhoLanchonete/src/views/LancheView.java</file>
            <file>file:/C:/Users/peric/Documents/NetBeansProjects/TrabalhoLanchoneteJavaOO/TrabalhoLanchonete/src/controllers/ClientesController.java</file>
            <file>file:/C:/Users/peric/Documents/NetBeansProjects/TrabalhoLanchoneteJavaOO/TrabalhoLanchonete/src/views/MenuInicioView.java</file>
            <file>file:/C:/Users/peric/Documents/NetBeansProjects/TrabalhoLanchoneteJavaOO/TrabalhoLanchonete/src/controllers/LanchesController.java</file>
            <file>file:/C:/Users/peric/Documents/NetBeansProjects/TrabalhoLanchoneteJavaOO/TrabalhoLanchonete/src/views/VendaView.java</file>
            <file>file:/C:/Users/peric/Documents/NetBeansProjects/TrabalhoLanchoneteJavaOO/TrabalhoLanchonete/src/views/ClienteView.java</file>
            <file>file:/C:/Users/peric/Documents/NetBeansProjects/TrabalhoLanchoneteJavaOO/TrabalhoLanchonete/src/models/Cliente.java</file>
            <file>file:/C:/Users/peric/Documents/NetBeansProjects/TrabalhoLanchoneteJavaOO/TrabalhoLanchonete/src/TrabalhoLanchonete/TrabalhoLanchonete.java</file>
            <file>file:/C:/Users/peric/Documents/NetBeansProjects/TrabalhoLanchoneteJavaOO/TrabalhoLanchonete/src/models/Venda.java</file>
            <file>file:/C:/Users/peric/Documents/NetBeansProjects/TrabalhoLanchoneteJavaOO/TrabalhoLanchonete/src/banco/BancoDadosLanchonete.java</file>
        </group>
    </open-files>
</project-private>
